[{"id":"1","title":"Lobo Marinho","category":"Mamífero Marinho","description":"O lobo-marinho é uma espécie de mamífero marinho da família dos pinípedes.","imageUrl":"https://www.ushuaia.com.br/wp-content/uploads/2021/10/lobos-marinhos.png","author":"Giovanna Lima","createdAt":1712798171965},{"id":"3","title":"Castor","category":"Roedor","description":"O castor é um roedor semiaquático conhecido por construir represas e tocas.","imageUrl":"https://www.ushuaia.com.br/wp-content/uploads/2021/10/castores.png","author":"Camila Santos","createdAt":1712798187612},{"id":"5","title":"Jacaré","category":"Réptil","description":"O jacaré é um réptil semiaquático encontrado em áreas tropicais da América do Sul.","imageUrl":"https://t2.ea.ltmcdn.com/pt/posts/4/2/9/jacare_de_papo_amarelo_caiman_latirostris_23924_0_600.webp","author":"Laura Lima","createdAt":1712798203122},{"id":"7","description":"O zorrilho é um mamífero carnívoro da família dos mustelídeos, conhecido por seu odor forte e desagradável. ","imageUrl":"https://t1.ea.ltmcdn.com/pt/posts/4/2/9/zorrilho_conepatus_chinga_23924_5_600.webp"},{"id":"8","title":"Raposa","category":"Mamífero","description":"A raposa é um mamífero da família Canidae, conhecido por sua agilidade e pelagem variada.","imageUrl":"https://t2.ea.ltmcdn.com/pt/posts/4/2/9/raposa_dos_pampas_pseudalopex_gymnocercus_23924_7_600.webp","author":"Gustavo Oliveira","createdAt":1712798225978},{"id":"9","description":"O bugio é um macaco encontrado em diversas regiões da América do Sul, conhecido por seu uivo característico. d","imageUrl":"https://t2.ea.ltmcdn.com/pt/posts/4/2/9/bugio_preto_alouatta_caraya_23924_8_600.webp"},{"id":"20","title":"Rinoceronte","category":"Mamífero","description":"O rinoceronte é um mamífero herbívoro de grande porte, conhecido por seu característico chifre nasal.","imageUrl":"https://ciclovivo.com.br/wp-content/uploads/2015/10/12079186_1057299070981257_2217120994483651132_n.jpg","author":"Laura Oliveira","createdAt":1712799176421},{"id":"21","title":"Pinguim","category":"Ave","description":"O pinguim é uma ave não voadora que habita as regiões antárticas e subantárticas.","imageUrl":"https://s3.amazonaws.com/blog.dentrodahistoria.com.br/wp-content/uploads/2020/02/28175747/animais-do-gelo-800x500.jpg","author":"Fernando Silva","createdAt":1712799185143},{"id":"22","title":"Elefante","category":"Mamífero","description":"O elefante é o maior mamífero terrestre, conhecido por suas grandes presas e tromba.","imageUrl":"https://encrypted-tbn0.gstatic.com/images?q=tbn:ANd9GcQfUzIqeJO_K5XrvyZUFw0fPLlwVYuDD-K6Xzlsg_bCHg&s","author":"Camila Oliveira","createdAt":1712799193875},{"id":"23","title":"Lobo","category":"Mamífero","description":"O lobo é um mamífero carnívoro da família dos canídeos, conhecido por sua inteligência e espírito de matilha.","imageUrl":"https://www.aen.pr.gov.br/sites/default/arquivos_restritos/files/imagem/migrados/galeria/65382/lobo_guara__denis.JPG","author":"Thiago Santos","createdAt":1712799202567},{"id":"25","title":"Bicho Preguiça","category":"Mamífero","description":"A preguiça é um mamífero arborícola conhecido por sua lentidão e hábitos solitários.","imageUrl":"https://mega.ibxk.com.br/2022/10/05/05170557879262.jpg","author":"Isabela Oliveira","createdAt":1712799220511},{"id":"26","title":"Águia","category":"Ave","description":"A águia é uma ave de rapina conhecida por sua visão aguçada e voo majestoso.","imageUrl":"https://pensamentoverde.com.br/wp-content/uploads/2018/05/1-Aguia.jpg","author":"Pedro Lima","createdAt":1712799229564},{"id":"27","title":"Coelho","category":"Mamífero","description":"O coelho é um mamífero roedor conhecido por suas longas orelhas e habilidades de salto.","imageUrl":"https://www.petz.com.br/blog/wp-content/uploads/2019/03/coelho-roedores-1280x720.jpg","author":"Lucas Oliveira","createdAt":1712799238721},{"id":"28","title":"Dragão de Komodo","category":"Réptil","description":"O dragão-de-Komodo é uma espécie de lagarto carnívoro encontrado nas ilhas indonésias de Komodo.","imageUrl":"https://www.normasabnt.org/wp-content/uploads/2023/04/15_drag__o_de_komodo.jpg","author":"Gabriel Santos","createdAt":1712799247682},{"id":"29","title":"Wombat","category":"Mamífero","description":"O wombat é um marsupial herbívoro encontrado na Austrália, conhecido por sua aparência robusta e hábitos noturnos.","imageUrl":"https://www.normasabnt.org/wp-content/uploads/2023/04/14_wombat.jpg","author":"Juliana Silva","createdAt":1712799256785},{"id":"30","title":"Hiena","category":"Mamífero","description":"A hiena é um mamífero carnívoro conhecido por sua risada característica e comportamento oportunista.","imageUrl":"https://www.normasabnt.org/wp-content/uploads/2023/04/13_hiena.jpg","author":"Bruno Oliveira","createdAt":1712799265983},{"id":"31","title":"Tubarão Mako","category":"Peixe","description":"O tubarão-mako é uma espécie de tubarão encontrado em águas oceânicas tropicais e temperadas.","imageUrl":"https://www.normasabnt.org/wp-content/uploads/2023/04/12_tubar__o_mako.jpg","author":"Amanda Lima","createdAt":1712799275211},{"id":"32","title":"Leão","category":"Mamífero","description":"O leão é um mamífero carnívoro da família dos felídeos, conhecido como o rei da selva.","imageUrl":"https://www.normasabnt.org/wp-content/uploads/2023/04/9_le__o.jpg","author":"Rafael Silva","createdAt":1712799284567},{"id":"33","title":"Guepardo","category":"Mamífero","description":"O guepardo é um felino conhecido por ser o mamífero terrestre mais rápido do mundo.","imageUrl":"https://www.normasabnt.org/wp-content/uploads/2023/04/8_guepardo.jpg","author":"Aline Lima","createdAt":1712799294212},{"id":"34","title":"Albatroz","category":"Ave","description":"O albatroz é uma ave marinha de grande porte, conhecida por suas longas asas e habilidades de voo planado.","imageUrl":"https://www.normasabnt.org/wp-content/uploads/2023/04/6_albatroz.jpg","author":"Marcelo Silva","createdAt":1712799303887},{"id":"35","title":"Mico-leão-dourado","category":"Mamífero","description":"O mico-leão-dourado é um primata endêmico da Mata Atlântica brasileira, conhecido por sua pelagem dourada.","imageUrl":"https://www.adventureclub.com.br/wp-content/webp-express/webp-images/uploads/2020/11/animais-tipicos-fauna-brasileira-galeria.jpg.webp","author":"Patricia Lima","createdAt":1712799313567},{"id":"36","title":"Ariranha","category":"Mamífero Aquático","description":"A ariranha é um mamífero carnívoro semiaquático encontrado nas regiões tropicais da América do Sul.","imageUrl":"https://www.adventureclub.com.br/wp-content/webp-express/webp-images/uploads/2020/11/ariranha-galeria.jpg.webp","author":"Rodrigo Silva","createdAt":1712799323345},{"id":"37","title":"Tamanduá Bandeira","category":"Mamífero","description":"O tamanduá-bandeira é um mamífero da família dos mirmecofagídeos, conhecido por sua língua longa e pegajosa.","imageUrl":"https://www.adventureclub.com.br/wp-content/webp-express/webp-images/uploads/2020/11/tamandua-bandeira-galeria.jpg.webp","author":"Cristina Oliveira","createdAt":1712799333211},{"id":"38","title":"Sucuri","category":"Réptil","description":"A sucuri é uma serpente não venenosa encontrada nas florestas tropicais da América do Sul.","imageUrl":"https://www.adventureclub.com.br/wp-content/webp-express/webp-images/uploads/2020/11/sucuri-galeria.jpg.webp","author":"Renato Silva","createdAt":1712799343245},{"id":"39","title":"Beija-flor","category":"Ave","description":"O beija-flor é uma ave pequena conhecida por sua incrível agilidade e colorido das penas.","imageUrl":"https://static.escolakids.uol.com.br/2020/11/beija-flor.jpg","author":"João Oliveira","createdAt":1712799353178},{"id":"40","title":"Pomba","category":"Ave","description":"A pomba é uma ave doméstica comum, conhecida por sua plumagem cinza e hábitos de alimentação granívora.","imageUrl":"https://www.parquedasaves.com.br/imagens-blog/wp-content/uploads/2019/11/parque-das-aves-foz-do-igua%C3%A7u-pomba-1024x768.png","author":"Maria Silva","createdAt":1712799362573},{"id":"43","title":"Curió","category":"Ave","description":"O curió é uma ave passeriforme conhecida por seu canto melodioso, popularmente criada como animal de estimação.","imageUrl":"https://www.parquedasaves.com.br/imagens-blog/wp-content/uploads/2019/11/parque-das-aves-foz-do-igua%C3%A7u-curi%C3%B3-1024x724.jpg","author":"Rodrigo Oliveira","createdAt":1712799391082},{"id":"44","title":"Tesourão","category":"Ave","description":"O tesourão é uma ave passeriforme encontrada na América do Sul, conhecida por sua cauda bifurcada e habilidades de voo acrobático.","imageUrl":"https://www.parquedasaves.com.br/imagens-blog/wp-content/uploads/2019/11/parque-das-aves-foz-do-igua%C3%A7u-tesour%C3%A3o-1024x768.png","author":"Fernanda Silva","createdAt":1712799400479},{"id":"45","title":"Ema","category":"Ave","description":"A ema é uma ave ratita nativa da América do Sul, conhecida por sua plumagem marrom e sua corrida rápida.","imageUrl":"https://www.parquedasaves.com.br/imagens-blog/wp-content/uploads/2019/11/foz-do-igua%C3%A7u-parque-das-aves-ema.png","author":"Guilherme Oliveira","createdAt":1712799409781},{"id":"46","title":"Corrupião","category":"Ave","description":"O corrupião é uma ave passeriforme encontrada na América do Sul, conhecida por sua plumagem laranja e preta.","imageUrl":"https://www.parquedasaves.com.br/imagens-blog/wp-content/uploads/2019/11/parque-das-aves-foz-do-igua%C3%A7u-corrupi%C3%A3o-1024x681.jpg","author":"Larissa Silva","createdAt":1712799418890},{"id":"47","title":"Tuiuiú","category":"Ave","description":"O tuiuiú é uma ave ciconiforme encontrada em áreas alagadas da América do Sul, conhecida por seu grande porte e plumagem branca e preta.","imageUrl":"https://www.parquedasaves.com.br/imagens-blog/wp-content/uploads/2019/11/parque-das-aves-foz-do-igua%C3%A7u-tuiuiu-1024x768.png","author":"Ricardo Silva","createdAt":1712799427876},{"id":"48","title":"Anhuma","category":"Ave","description":"A anhuma é uma ave encontrada em áreas úmidas da América do Sul, conhecida por sua crista frontal.","imageUrl":"https://www.parquedasaves.com.br/imagens-blog/wp-content/uploads/2019/11/anhuma2-1024x681.jpg","author":"Marcela Oliveira","createdAt":1712799436765}]